Index,Track Name
0,"Nasty Girl (feat. Diddy, Nelly, Jagged Edge & Avery Storm) - 2005 Remaster"
1,Zodiac
2,The Pusher
3,Backyard Boy (with Jeremy Zucker)
4,Racing Club
5,"Cambridge, 1963"
6,Nature Sounds Rain Long
7,Things
8,Shadow of a Man
9,Hooked
10,Tell Me Why I'm Waiting
11,Ruption
12,Sympathy For The Devil - Live
13,Fill My Cup
14,Itken seinn pin
15,2 Wicky - Live at Koningin Elisabethzaal 2012
16,Electronic Battle Weapon 1
17,All I Need
18,The Joker of Sadness
19,Otra Vez
20,John Deere Tractor
21,in my bag
22,PK
23,Knoxville Girl
24,20TRAP20-IKARI
25,"""Farewell"" Jingle Bells"
26,A Thousand Years (Piano Version)
27,Bipolar Disorder - Radio Edit
28,Œš
29,œŒš„‡™‹‰„›
30,Entre La Lluvia Y Mi Llorar
31,Ten Green Bottles
32,Walk To Work
33,Estoy en el Proceso de Olvidarte
34,Caffeine
35,Headnoise (Get Hype)
36,Song From A Secret Garden
37,Hooked
38,A LIGHT THAT NEVER COMES
39,Quando a Minha Vida Vai Comear? - Reprise 1
40,Habits (Stay High) (Slowed + Reverb)
41,problems
42,Espera a Primavera - Acstico
43,Hothon Se Chhu Lo Tum - From Prem Geet
44,Hujan
45,C“MO SE SIENTE - Remix
46,Irreparable
47,At de Manh
48,Superhroes
49,Don't Call Me Up
50,Viva Las Vegas
51,Motorbike
52,Sete Cidades
53,Sinkt das Niveau
54,Show Me The Way
55,š€
56,Kernkraft 400 (A Better Day)
57,Conselho
58,Papa bist du mde
59,Invoking the Majestic Throne of Satan
60,Sweet Home Alabama
61,De Jack Express
62,Parchaiyon Mein
63,Blinding Lights
64,River Flows In You
65,Jingle Bells
66,King
67,Fontanel
68,Friday I'm In Love
69,Circles - Original
70,Chame a Deus - Ao Vivo
71,Quando Eu Contar (Iai) / Brincadeira Tem Hora - Ao Vivo No Rio De Janeiro / 2003
72,Oh Please Be A Cocky Cool Kid
73,Fingers Crossed
74,Hr och nu
75,Sex Talk
76,"Ei rautoihin, ei lautoihin"
77,Not Alone
78,Wake up Little Susie
79,Who Will Buy The Wine
80,™‚š„ €Œ„ - Live
81,Black Roses
82,Be Your Everything
83,Water Under the Bridge
84,š—Ÿœ
85,Feliz Cumpleaos Ferxxo
86,When the Lights Are Out - Late Night Mix
87,Ode To The Innocent
88,Believe
89,Nada Levarei
90,Lancinho / Maluca Pirada / Fala Baixinho (Shiii) - Ao Vivo
91,Champagne
92,"Bundle of Joy (From ""Inside Out"")"
93,"Buenos Das, Corazn"
94,Hitmedley
95,The Joker
96,Unity (Voyage Mix) Pt. 1
97,"This Is Me - Alan Walker Relift from ""The Greatest Showman"""
98,Bring Me To Life
99,Simple Song
100,Let Old Mother Nature Have Her Way
101,Covet
102,Primeiro Ponto - Ao Vivo
103,Megitsune
104,Zodiac
105,Travessia - Ao Vivo
106,Slowly - En Directo
107,Chapter II: Eridanus Supervoid
108,T Complicado (Verso Grave)
109,Balboa Dub
110,Abracadabra
111,Sathi
112,Mast Nazron Se Allah Bachaye
113,Peace - Live In NYC
114,Nesses Olhos - Ao Vivo
115,Es wird scho glei dumpa
116,Don't Call Me Up
117,ama hala
118,CLOSER
119,Headache
120,Entre La Lluvia Y Mi Llorar
121,If It Makes You Happy
122,Lost Keys
123,O Tannenbaum
124,A Los Ojos
125,Ramacandram
126,GDFR
127,Ma‚y Mi›
128,History
129,Oh Delcia - Ao Vivo
130,Let Me Know
131,I Feel Good
132,505
133,Tendo A Lua - Ao Vivo
134,On The Roof Of The World
135,Mistletoe and Wine
136,Nine Pound Hammer Is too Heavy
137,Amantes Amentes
138,Rivers of Babylon
139,Pieces - Live
140,Black Out Days - Future Islands Remix
141,Perpetual Motion
142,thank you song
143,HANABI
144,La Felicidad
145,West Point
146,1980 - Acstico
147,I Miss You
148,"Double Talkin' Jive - Live In Las Vegas, Thomas & Mack Center - January 25, 1992"
149,Before I Die
150,I'm In Love With You
151,Rudolph The Red-Nosed Reindeer - Stereo
152,The Rock Show
153,No One Dies From Love
154,Palomas Que Andan Volando
155,Casa do amor
156,Speechless
157,Dandelion
158,The Pusher
159,The Christmas Song (Merry Christmas To You)
160,Wonderland By Night
161,Badra Bahara
162,Sorry Seems To Be The Hardest Word
163,Count to 100 Silly Song
164,Bittersweet
165,Look Alive
166,Everything but You
167,Aprs Ski bis die Alpen glh'n
168,Rhythmus der Nacht
169,From Above
170,Pagar Pra Ver?!
171,Sonhar / Me Usa / Que Saudade - Ao Vivo
172,Bizarro
173,Aathichoodi
174,Chains
175,Djate Querer
176,Thunderhead
177,Summe Volume - Aus Remix
178,Lost
179,Over The Hills And Far Away
180,Onde Voc Est? - Ao vivo
181,Christmas Without You
182,MAMI
183,Shinzo wo Sasageyo!
184,Enola Gay
185,Inevitable Outcome
186,PK
187,Inelegant
188,Zeus
189,Tarde
190,Roots Below
191,Bad Bitches (feat. Megan Thee Stallion)
192,Lua E Estrela
193,Shhhh With Air Fan
194,Backlash
195,Like A Drum - Japanese Bonus track
196,Kimimaru
197,The Reluctant Heroes
198,Need You Now
199,‚ƒƒ“ƒƒƒƒˆ
200,House of the Rising Sun
201,Sometimes You Just Can't Win
202,Backyard Boy
203,Christmas Time
204,Por Favor
205,Aforismos
206,If We Try
207,Simple Song
208,Fasl E Gul
209,Zona de Nadie - Remasterizado 2016
210,Vapor
211,Memrias
212,Shaam Simti
213,Follow Me
214,Inelegant
215,Kanja Poovu Kannala
216,I Drive
217,Pasajero
218,At The Cross (Love Ran Red)
219,Wanna Be That Song
220,Singularity
221,Lonely Together (feat. Rita Ora)
222,"Aethu Kari Raavilum - From ""Bangalore Days"""
223,Panjaa
224,Shaky Shaky
225,Corazon No Te Enamores
226,Best Is Yet To Come
227,Yeah Yeah Yeah
228,Rage
229,El Agente
230,Sex Talk
231,Deserto (Ao Vivo)
232,Rain Sounds for Deep Sleep
233,What Christmas Means To Me
234,Right About Now
235,Green and Blue
236,Last Melody
237,Every Little Thing (feat. Andy Mineo)
238,Positivity
239,Em Plena Lua De Mel (Dina)
240,So Do I
241,IllLeaveItUpToYou
242,Johnny Dpp (Ich will Mallorca zurck) - Krawall Mix
243,7 Wochen (Italienische Sehnsucht Part 2)
244,Abracadabra
245,ˆ‘œœƒš„ - TVBS€ŒŠ›ˆ„›š„•…‹€‰‡›
246,Qu Te Pasa
247,Feliz Cumpleaos Ferxxo
248,Em Plena Lua De Mel (Dina)
249,Lost but Won
250,A Bad Dream
251,Venpani Malare (Ft.Dhanush)
252,„›ƒ…”ˆ‘ƒš„–ƒ‰ -€Š•”ˆ€„›™‚€‹›Œ›
253,Phenomenon
254,"God Is a DJ - Live from Brixton - April 8, 2011"
255,Entre La Lluvia Y Mi Llorar
256,Still Loving You
257,Ruption
258,Another Day
259,Crazy Train
260,KaracaoŸlan
261,in my bag
262,You & Me
263,Digging the Grave
264,Nada Levarei
265,"Can't Get Enough Of Your Love, Babe"
266,Bad Romance
267,FucK Nucleya
268,Amistades de Tierra Adentro
269,Grades do Corao
270,Trains - Remastered
271,The Dream
272,Bells
273,Never Gonna Give You Up
274,Point of Departure
275,Jumpin' Jack Flash
276,Zindagi Ne Zindagi Bhar Gham Diye - Lofi Remix
277,Travessia - Ao Vivo
278,Trem-Bala: Especial Mes
279,Free&Easy
280,Wash
281,How I Am
282,2009
283,Mother Earth Father Thunder - Bonus Track
284,The Scent of Rain
285,Todos Os Meus Dias - Ao Vivo
286,Ainda Di - Ao Vivo
287,You Never Can Tell - 1964 Single Version
288,Podari mne platok
289,Hydra
290,Like a Wirsing - Hanne & Lore Remix
291,newsong
292,Lost Keys
293,Where Is My Mind?
294,5 Little Monkeys
295,Mistletoe - Recorded at Electric Lady Studios NYC.
296,Vas A Quedarte
297,ƒƒ‚ƒƒ‡ƒƒˆƒ
298,Take a razor to your head
299,He Knows My Name
300,Spellbound
301,Like An Animal - Original Mix
302,Ento Toma - Ao Vivo
303,Raat Raazi
304,Klassenfahrt
305,Nine Pound Hammer Is too Heavy
306,Cozy Little Christmas
307,Vanille fraise
308,Uduli Muduli
309,„›š€›
310,Msica para Sordos
311,Encontro Das guas - Ao Vivo No Rio De Janeiro / 2006
312,Bumpin' Hard - Tuneboy Rmx
313,Sound Of Wind Driven Rain
314,Notes? / Prima Donna
315,Hardcore Hiphouse
316,The Darkside
317,Take Me Out to the Ball Game
318,Something in the Orange
319,Stay Alive
320,FIREBALL
321,Christmas All Over Again
322,Good night
323,Kaisey Jiyun - Acoustic
324,Change My Mind
325,BIPP
326,In The Night
327,Lilith
328,CONCRETE JUNGLE
329,Otra Vez Dos Corazones
330,Klassenfahrt
331,Synthetic
332,First Light
333,Who's The Boss
334,Llamando a la tierra - Serenade From the Stars
335,Sinematic
336,Unstoppable
337,Macabre Operetta
338,Aarambh
339,Heavy Metal Love
340,Just Because
341,Moon-Silvered Clouds
342,Shadows In Silence
343,Christmas Without You
344,The Music Began To Play
345,After Laughter Comes Tears
346,give it back
347,Love Alone
348,Dancing
349,bad guy
350,At de Manh
351,„›š€›
352,Good Life (Buena Vida) - Way Out West Vocal Mix
353,luv
354,Fragment
355,Die In Your Arms
356,High in Yah - Radio Edit
357,IllLeaveItUpToYou
358,Light Switch
359,Snyper - Original
360,Choo Lo
361,Flowers
362,Suzuki
363,Rhythmus der Nacht
364,Stay
365,Ao Teu Encontro / Manso e Suave - Ao Vivo
366,The Reluctant Heroes
367,Cada Vez
368,Ayer La Vi
369,One Little Christmas Tree
370,Super Freak
371,madhouse
372,Dragula
373,The Devil In Our Wake - Radio Edit
374,X šLTIMA VEZ
375,Diplomatic Immunity
376,Parece Que Fue Ayer (with Pedro Vargas)
377,Darkmere - Remastered 2003
378,Wonderful Tonight - Acoustic Instrumental
379,By Yourself
380,Hora da Deciso
381,Gudugudiya Sedi Nodo
382,Amor En Silencio
383,Love Conquers All
384,Deathcab
385,So Mi Like It
386,Ping Pong - Hardwell Remix
387,All to Me
388,The Man In The Station
389,Mame Que  Mame - Ao Vivo
390,Sen Ben
391,Sturm auf See
392,Alfa E ”mega - Ao Vivo
393,Sympathy For The Devil - Live
394,Dunked On
395,Fragment
396,Atlas
397,Un Ao
398,Believe The Innocence (Original Mix) - Extended Mix
399,Yiveleh
400,”ƒ…U-19
401,€Œ ƒ ‘
402,"Evanda Enakku Custody (From ""Mahaan"")"
403,Rap do Omni-Man: Olhem pro Cu (Nerd Hits)
404,A feira
405,Daydreams
406,HANABI
407,Caramuru Calibre 32
408,Waiting for Superman
409,ŠƒŸ
410,Surrender - Hixxy Remix
411,Tears in Heaven
412,Feliz Cumpleaos Ferxxo
413,Cancin De Las Simples Cosas
414,Fast Car
415,FIREBALL
416,Lost
417,Ficha de Oro
418,Perfect
419,Bizede Dn
420,Deadhouse - Insideinfo & Mefjus Remix
421,‚˜Ÿ
422,Hip Hop
423,Under the Blade
424,"Taki Taki (with Selena Gomez, Ozuna & Cardi B)"
425,It's On
426,Digging the Grave
427,Take Five
428,Aime (Live)
429,"""Farewell"" Jingle Bells"
430,Sayonara
431,Death Roll
432,Llamando a la tierra - Serenade From the Stars
433,Da Music So Funky
434,Irreparable
435,Clementine Jam
436,Lugares Comunes
437,The Power Of Love
438,I Was A Teenage Werewolf - Remastered
439,Zeus
440,The World Has Turned And Left Me Here
441,At The End Of Our Day
442,ˆ‘˜ (›–Š‡€Š‹‹€‹Œ›)
443,Don't Look Back into the Sun
444,Time to Burn - 2005 Remaster
445,At de Manh
446,Pagode Russo
447,Adieu
448,Espiral de Iluso
449,Better Now
450,„—‹ - Remastered 2022
451,Ornamental
452,Roads
453,Quanto Tempo Demora Um Ms
454,(I'm Not Your) Steppin' Stone
455,–‘š„˜
456,Adieu
457,Take Me Out to the Ball Game
458,Quien Tiene Tu Amor
459,Forest Life
460,Lit
461,Questions
462,Been Lead
463,Guaya Guaya
464,Let Me Love You
465,Don€™t Wake Me Up
466,Onde Voc Est? - Ao vivo
467,Pussy Motherfuckerz - D-Fence Remix
468,Cada Volta  um Recomeo
469,Good Life
470,Adn vs Zeus Rap. El creador y su creacin
471,"Farewell, My Camp"
472,Live On Love
473,Odiosa Natureza Humana
474,Irreparable
475,Bad Romance (Glee Cast Version)
476,Preacher Crawling (Remix)
477,Fuck you!
478,When the Lights Are Out - Late Night Mix
479,Blutgeil
480,John Deere Tractor
481,Answer : Love Myself
482,Balboa Dub
483,Norderney - Fox Version
484,We'll Be a Dream (feat. Demi Lovato)
485,Felicia
486,Papi
487,Debo Seguir Buscando
488,We Are The Universe
489,Bella en mi cabeza para siempre
490,Viva Olympia - Live
491,Parchaiyon Mein
492,Ends of the Earth
493,Exhumado
494,Flowers In December
495,Stevnemte med Satan
496,ž †‹
497,Christmas Time
498,Somehow
499,Podari mne platok
500,Kryptonite
501,Tringulo
502,Shhhh With Air Fan
503,Turqoise Gas In Ice
504,Agua Salada
505,Ÿ€‰   
506,The Christmas Song (Chestnuts Roasting On An Open Fire)
507,in my bag
508,Valjean's Confession - Live
509,Dunked On
510,Sorgame Endralum
511,Tua ‰ A Glria
512,Let's Work Together
513,Hitam Putih Dunia
514,I Feel Good
515,El Lago
516,Bota pra Torar
517,Act II: No One Is Alone
518,Pagode Russo
519,Die In Your Arms
520,Isn't She Lovely
521,Desde El Alma - Instrumental
522,Necesito de Ti
523,MAJHE AALE
524,"You're Gonna Go Far, Kid"
525,žer'in Atlas
526,Hip Hop
527,Rap do Omni-Man: Olhem pro Cu (Nerd Hits)
528,Fake A Smile
529,Kau Pemeran Utama Di Sebuah Opera
530,Don't Stop The Madness
531,The Pusher
532,Maybe Not
533,You and My Guitar
534,Into Infinity
535,–•Œƒ™‚’‚“‚ƒžƒ
536,Con Calma
537,Soy Un Desastre
538,Sobrio
539,Š™‚ˆ€œParty's on!€œversion2016
540,Don't Give a Damn (feat. Janine)
541,Lagla Mohani
542,No Me Vuelvo a Enamorar
543,Fresh Static Snow
544,Hungry Eyes
545,Into The Storm
546,The Dream
547,Northwind
548,Iron Sky
549,Hooked
550,Bora Vocal
551,Headache
552,‚˜Ÿ
553,Kalbime Gmyorum - Live
554,Borbulhas de Amor (Tenho um Corao) - Burbujas de Amor
555,"Evanda Enakku Custody (From ""Mahaan"")"
556,Don't Talk
557,Good Life (Buena Vida) - Way Out West Vocal Mix
558,Break & Enter
559,Laal Bindi
560,Leather And Metal
561,Basics
562,Sendu
563,Charlie Brown Jr. - Ao Vivo - Chegou Quem Faltava
564,Take a razor to your head
565,Follow You
566,Deus do Impossvel (Ao Vivo em Mojave Desert)
567,Jeetega Jeetega Film Version
568,GODSPEED
569,And Your Bird Can Sing - Remastered 2009
570,Presents for Christmas
571,Lobby
572,Bad Bitches (feat. Megan Thee Stallion)
573,You Seem Cool
574,Enlil
575,Black Sands
576,So Mi Like It
577,Knoxville Girl
578,Hold Me
579,Pala Pala
580,Stick To Me
581,You Will Payback!
582,Break & Enter
583,Love Alone
584,Six Days - Machinedrum Remix
585,Breed In Weakness
586,Comin' Back to Me
587,Juliet
588,Die letzten 30 Sekunden
589,Nada Levarei
590,Wnsch dir was
591,Kandu Kandu
592,Turqoise Gas In Ice
593,Running Up That Hill (A Deal With God) - 2018 Remaster
594,J Que Me Ensinou a Beber
595,Miss You (feat. GG Magree)
596,Rebirth
597,Coco Cay
598,The Reluctant Heroes
599,Mesut Ol Sen
600,No Tenho Coragem - Ao Vivo
601,Hujan
602,Circles - Original
603,Heal the World
604,"Evanda Enakku Custody (From ""Mahaan"")"
605,"Lyric Pieces I, Op. 12 (Excerpts): No. 6, Norsk"
606,Como Si Fueras a Morir Maana
607,Mala Suerte
608,–‹ˆ˜
609,The Weather
610,"Tum Hi Ho (From ""Aashiqui 2"")"
611,Stickup
612,3 Gymnopdies: No. 1 Lent et douloureux
613,Astrologen
614,Backyard Boy
615,Here's Your Perfect
616,Dance - Club Mix
617,Mitt Gullbergs kaj paradis (Live)
618,Atlas
619,A Thousand Years (Piano Version)
620,Espinhos Na Cama / Avio Das Nove - Ao Vivo Em Goinia / 2007 / Medley
621,Everything's Okay
622,O Que Meu Deus Vai Fazer
623,Sonhar / Me Usa / Que Saudade - Ao Vivo
624,Midnight Love
625,Mother Earth Father Thunder - Bonus Track
626,"Verdammt, ich lieb dich - Version 2014"
627,Lush Life
628,Se A Fila Andar - Ao Vivo
629,Inevitable Outcome
630,As If By Magic
631,A la Rorro Nio
632,Perfidnie - Radio Edit
633,Kiss It Off Me
634, 
635,Shaky Shaky
636,Cretino
637,Xil_um
638,Niby Jeste› Ale Nie Ma Ci™ - Radio Edit
639,Ando Que Me Lleva
640,Don't Look Back into the Sun
641,Beloved
642,Classic - Original Edit
643,Ketidakrelaanku
644,Phenomena (DA DA) - Live
645,Show Me The Way
646,Kalbime Gmyorum - Live
647,Hecha Pa' Mi
648,Pitch Black
649,FRIENDS
650,Fanky
651,Way Down We Go
652,Tumhen Dillagi
653,Sweet
654,Swan Upon Leda
655,Chance - Acstico en Vivo
656,Virginia Devereaux
657,‡‘‚„œ‰
658,Worms
659,Mute
660,King of My Heart - Live
661,Lobby
662,Cheap Thrills
663,Quiero Verte Una Vez Ms - Remasterizado
664,Frosty The Snowman
665,Media
666,Stay (feat. Dia Frampton)
667,‹ (–Š‡€ŠŒ€‹Œ›)
668,UN PESO
669,Run Rudolph Run
670,LENTITO
671,Jackie Chan
672,‹ (–Š‡€ŠŒ€‹Œ›)
673,Breed In Weakness
674,Break & Enter
675,cold / mess - Audiotree Live Version
676,The Christmas Song (Merry Christmas To You)
677,Kanja Poovu Kannala
678,No One Dies From Love
679,Mavi Boncuk
680,Whispers
681,Harmonic
682,Fanky
683,Earth Ship
684,PS5 - Nintendo Switch Version
685,Singularity
686,Sleigh Ride
687,Brute Force
688,Find the Good
689,24's
690,Blau von den Bergen kommen wir ( ja ja jippie jippie yeah) - Kleiner Htten Mix
691,Alabama Song (Whisky Bar)
692,Boas Vibraes
693,Murder Night
694,Jackie Chan
695,ƒ•ƒ‚ƒ‚‚ƒƒƒˆ
696,The Weather
697,X šLTIMA VEZ
698,Sinfonia de Cuna
699,Quasar
700,‚—
701,Hey Jude - Remastered 2015
702,Die In Your Arms
703,Chandra (Featuring. Shreya Ghoshal)
704,Cime
705,Pozamiatane
706,SYSTEMATIC
707,Witchcraft
708,Forasteiro
709,C“MO SE SIENTE - Remix
710,2 Wicky - Live at Koningin Elisabethzaal 2012
711,Electronic Battle Weapon 1
712,Epic
713,Sonhar / Me Usa / Que Saudade - Ao Vivo
714,Cancin De Las Simples Cosas
715,Amoureux
716,Ich heiŸ Freiheit
717,Chaos
718,Dream Lantern - English Version
719,Comentrio a respeito de John
720,Romantic Flight - From How To Train Your Dragon Music From The Motion Picture
721,Purple Control
722,Lo siento (feat. Sofa Reyes)
723,Rain Sounds for Deep Sleep
724,S por um momento - Ao vivo
725,Amistades de Tierra Adentro
726,Party of One
727,Lake District
728,Zavali Ebalo
729,Dahoam
730,Anacrnico
731,We Run This - Original Mix
732,Lost but Won
733,Money Play (Mixed)
734,Singularity
735,Enquanto Engoma A Cala
736,Caffeine
737,Msica para Sordos
738,Medley
739,Watching TV
740,Khilte Rang
741,There Are Worse Things I Could Do (Glee Cast Version) (feat. Kate Hudson)
742,Everything but You
743,Doyin
744,This Is Amazing Grace
745,Caneta e Papel
746,Young Hearts Run Free
747,Find the Good
748,What Christmas Means To Me
749,„›ƒ…”ˆ‘ƒš„–ƒ‰ -€Š•”ˆ€„›™‚€‹›Œ›
750,Bad Romance (Glee Cast Version)
751,El Lago
752,Home
753,give it back
754,Oh Please Be A Cocky Cool Kid
755,Megitsune
756,Growl
757,Escreve
758,Khulke Jeene Ka
759,El Universal
760,Dale Don Dale
761,En El Mar
762,The Weather
763,Temptation
764,ˆ‘€…… (TV size)
765,C“MO SE SIENTE - Remix
766,T Brisando Em Voc / Luz Na Escurido - Ao Vivo
767,Real Bad Man - Radio Edit
768,Hey Jude - Remastered 2015
769,Moonrise City
770,Christmas All Over Again
771,Diamonds Are A Girl's Best Friend
772,A Thousand Years (Piano Version)
773,Foregone Pt. 1
774,La Llevo Al Cielo
775,
776,The Cheeki Breeki Song
777,Make the Road By Walking
778,wonder if she loves me
779,„‚‚‚Š
780,Love Alone
781,No One Dies From Love
782,The Reason
783,Boca Semi Nua - Ao Vivo No Casa Filtr
784,At Ontem - Ao Vivo
785,The Weather
786,Heartbreak Hotel
787,By the Deep Sea
788,Stay
789,Valley of Darkness
790,6ft Wasp
791,Malodorous Oblation
792,Baku
793,"Rudolph, The Red-Nosed Reindeer - Remastered"
794,La Txica
795,What Christmas Means To Me
796,Ma Cherie Bon Bon
797,Black Sands
798,"Gott, warum?"
799,American Music
800,Wnsch dir was
801,Raiva De Saudade
802,Lost in the Brass
803,Die In Your Arms
804,Pantysito
805,Oh wie ist das schn - Single Version
806,”ŠŒ
807,do re mi
808,Crazy What Love Can Do
809,Synthetic
810,Love Nwantiti (Radio Edit)
811,Hymn For The Weekend
812,Walk With Us - For Black Lives Matter
813,Valeu - Ao Vivo
814,London's Song
815,Maari Mazhaiyila Thavala
816,Xil_um
817,Singularity
818,Dhobi Aaya
819,Podari mne platok
820,Atomic
821,Despedida
822,The Prowl
823,Dulce Navidad
824,Sonho
825,Heal the World
826,Trick or beats?
827,Believe The Innocence (Original Mix) - Extended Mix
828,Bang-Bang
829,La La Land - Walker & Royce Remix
830,Balsamico
831,So Do I
832,"12 Variations on €˜La belle Franoise€™ in E flat, K.353: 6. Variation V"
833,Pour me comprendre - Remasteris en 2002
834,San San Rock
835,Sonho
836,"One Potato, Two Potatoes"
837,"‘(›""™Œ’""’›)"
838,Irreparable
839,O Que Meu Deus Vai Fazer
840,El Universal
841,Bring Me To Life
842,Media
843,The Diamond Four
844,Mitt Gullbergs kaj paradis (Live)
845,Cosmos
846,Kintsugi
847,Lo noto (feat. Hombres G)
848,Despedida
849,Answer : Love Myself
850,Arsonist's Lullabye
851,The Diamond Four
852,–•Œƒ™‚’‚“‚ƒžƒ
853,Enemy Of The World
854,In The Bleak Midwinter
855,679 (feat. Monty)
856,Mi Amor Imposible
857,Jabr
858,The Mistletoe And Me
859,Bu Sabah YaŸmur Var stanbul'da
860,Lights Code
861,Ben vs. Owl
862,Œœ€
863,Phases of the Moon
864,Gehraiyaan Title Track
865,Dream Lantern - English Version
866,„›š€›
867,Roots - Live
868,Domination
869,Odiosa Natureza Humana
870,Stupid Love
871,’œ‰†–•Œˆ‚•
872,Rage
873,Harnen
874,Sinkt das Niveau
875,Espinhos Na Cama / Avio Das Nove - Ao Vivo Em Goinia / 2007 / Medley
876,I'm Walking the Dog
877,daffodils
878,Fried Chicken And Gasoline
879,Nopalitos
880,Believe The Innocence (Original Mix) - Extended Mix
881,I'll Answer The Call
882,Treading Water
883,Singularity
884,No One Dies From Love
885,Goya No Machiawase
886,Golden Skin
887,Everything's Okay
888,sail away
889,Sixteen Days Reprise - Remastered
890,Feliz Cumpleaos Ferxxo
891,Bora Vocal
892,„‹ƒ
893,Stardust Crusaders
894,Bad Romance (Glee Cast Version)
895,Heartbreak Hotel
896,Unknown Journey VII
897,Soundsystem Entertainer - Original Mix
898,Stab
899,„›š€›
900,Can't Help Falling in Love
901,Manushyan
902,"Brigue Comigo, Mas No V - Ao Vivo"
903,Joven para morir
904,Solo Dance
905,Sin Novia
906,"Gott, warum?"
907,"Count by 2's, 5's, 10's"
908,Underbara saker kommer hnda oss
909,Pena Mulata
910,So Far Gone
911,Don't Fight It
912,Blunt Against the Cutting Edge
913,No Me Vuelvo a Enamorar
914,El Baile De Los Que Sobran
915,Don't Call Me Up
916,Laughter - LIVE
917,Hobelbank
918,6ft Wasp
919,Cheiro bom do seu cabelo
920,Extermination
921,Plegaria
922,Ainda Di - Ao Vivo
923,Det stora rda huset - med Kungliga Filharmonikerna
924,Ain't Nobody Better - Groove Corporation Remix
925,Charlie Brown Jr. - Ao Vivo - Chegou Quem Faltava
926,Virginia Devereaux
927,Feliz Cumpleaos Ferxxo
928,Primeiro Ponto - Ao Vivo
929,There Are Worse Things I Could Do (Glee Cast Version) (feat. Kate Hudson)
930,Cups (Pitch Perfect's When I'm Gone)
931,"Piano Sonata No. 1 in C Major, K. 279: III. Allegro"
932,Zodiac
933,Como Eu Quero - Ao Vivo
934,Chandra (Featuring. Shreya Ghoshal)
935,Ghost Walking
936,Baku
937,Joker And The Thief
938,Made Me Glad
939,Roulette
940,Poker Face
941,
942,Dream 1 (before the wind blows it all away) - Pt. 1
943,Cozy Little Christmas
944,cayenne
945,You Had It All
946,vem pra perto
947,Hooked
948,Necesito de Ti
949,Durch die Nacht
950,Caf da Manh
951,Happier Than Ever
952,yellow lights
953,Feliz Cumpleaos Ferxxo
954,Christmas All Over Again
955,Obsidian Spires
956,"Scooby Doo, Where Are You?"
957,Christmas Without You
958,Hijacked FM Station
959,Worthy of My Song
960,Ladies Give a Man a Pep Talk Before Sex
961,Perpetual
962,I Can Wait Forever
963,‚Š
964,Lights Are On
965,Run Rudolph Run
966,So Far Away
967,–‘š„˜
968,Alma De Loca
969,You & Me
970,Yeh Shaam
971,"Christmas Is The Time To Say ""I Love You"""
972,Broken United
973,"Ailein Duinn (Theme From The Movie ""Rob Roy"")"
974,‚‚ƒ™ƒ”„ (Mandolin Version)
975,Mdchen in Uniform
976,RAD
977,Harvest Moon
978,Hujan
979,Believe
980,A New Breed
981,Battleships
982,Just Saiyan'
983,Malen'kie aktrisy
984,Casa mais feliz da rua - Ao vivo
985,Rudolph The Red-Nosed Reindeer - Stereo
986,˜‚’„›™‚‹
987,Middle Of My Mind
988,Let My Love Open The Door
989,Baby Outlaw
990,T Complicado (Verso Grave)
991,Le petit garon - Renregistrement Polydor
992,In Pieces
993,Pra Gente Se Encontrar de Novo / ‰ Voc / Primeiro Amor / Tempo de Aprender
994,Life
995,Rockin' Around The Christmas Tree
996,WELCOME TO THE TWILIGHT
997,Too Emotional
998,Apologize
999,Lilith
1000,™‚–“›‚ƒ‚
1001,Felicia
1002,Sinkt das Niveau
1003,Money To Burn - Single Version
1004,Breakfast In America - 2010 Remastered
1005,The Joy of Quiet
1006,Before I Lose My Mind
1007,Pure
1008,My Love
1009,–‰•˜ ”ž˜
1010,BORG
1011,Be Your Everything
1012,Memoria de Siglos
1013,80 Proof
1014,Bitch
1015,Vai Acontecer
1016,Todos Os Meus Dias - Ao Vivo
1017,Little Things
1018,Dulce
1019,PS5 - Nintendo Switch Version
1020,H uma Sada
1021,Cores Do Universo
1022,Sweetheart
1023,Worlds On Fire
1024,X šLTIMA VEZ
1025,Mistletoe - Recorded at Electric Lady Studios NYC.
1026,"Nasty Girl (feat. Diddy, Nelly, Jagged Edge & Avery Storm) - 2005 Remaster"
1027,Wake up Little Susie
1028,Used to
1029,Felicia
1030,Strings of Life
1031,Paciencia
1032,17 MINA
1033,Body Like A Back Road
1034,We're Gonna Hold On
1035,Raparigafobia
1036,So Good
1037,Apologize
1038,Me Va A Extraar
1039,Layla
1040,Morning Has Broken
1041,20_20
1042,Heartbreak Hotel
1043,Howling
1044,Home
1045,Mi Amor Imposible
1046,You're Perfect
1047,Teenage Dream (feat. Darren Criss)
1048,Comfortably Dumb
1049,Frame of Mind
1050,Breathe
1051,Bipolar Disorder - Radio Edit
1052,Nature Sounds Rain Long
1053,East Side Flow
1054,Antidote - Radio Edit
1055,Let It Snow! Let It Snow! Let It Snow!
1056,E det fel p mej
1057,Reflections of Evil
1058,Chantilly Lace
1059,Cloud Rider
1060,Phases of the Moon
1061,Privileged
1062,Stay
1063,West Point
1064,Rojo
1065, ŽŽ ’ ‚ ƒ
1066,Nesses Olhos - Ao Vivo
1067,King
1068,Msica para Sordos
1069,The Dream
1070,King
1071,The Lucky One
1072,Way Down We Go
1073,Zodiac
1074,Dro
1075,Backlash
1076,Back To Me
1077,What Christmas Means To Me
1078,Ambient Recovery
1079,Happy Holiday
1080,„—„—˜Ÿ
1081,Better Than You
1082,Con Calma
1083,„›Š—ˆ‘
1084,Shukran Allah
1085,Everything Flows
1086,Atrs da Cortina
1087,Effeminacy
1088,When Shared
1089,Parchaiyon Mein
1090,In The Land Of The Pig The Butcher Is King
1091,Arsch im Schnee - Skihtten Mix
1092,Waiting for Superman
1093,Guaya Guaya
1094,KaracaoŸlan
1095,Por Favor
1096,A Sua Assinatura
1097,It Ain't Over 'Til It's Over
1098,„‚‚‚Š
1099,Odiosa Natureza Humana
1100,Veneration of the Lunar Orb
1101,Flauta de Pan
1102,Sayonara
1103,Dance - Club Mix
1104,"Don't Call It Love - 12"" Version"
1105,Adn vs Zeus Rap. El creador y su creacin
1106,Me rehso
1107,Terror
1108,Temple
1109,Zindagi Kuch Toh Bata (Reprise)
1110,SHE
1111,Hiding in the Dark
1112,Ana no duerme
1113,Rojo
1114,King
1115,Notte senza fine - Kiasmos Remix
1116,Benim Annem Gzel Annem
1117,do re mi
1118,Nossa Preferida Sertaneja - Acstico
1119,Yeshuvin Koodulla Yathra
1120,1 De Julho - Ao Vivo
1121,Vem Andar Comigo - Ao vivo
1122,MALA SANTA
1123,‡Œ
1124,„—‹ - Remastered 2022
1125,„r det krlek du behver
1126,S por um momento - Ao vivo
1127,Midnight Waves
1128,"Scooby Doo, Where Are You?"
1129,State Lines
1130,One Little Christmas Tree
1131,Never Change
1132,œˆ…‰
1133,John Deere Tractor
1134,”ƒ…U-19
1135,Mesut Ol Sen
1136,Midnight Waves
1137,Medley
1138,Fake A Smile
1139,Vino Para Mi Copa
1140,Socker Och Vatten
1141,Lessons In Love
1142,Te Amo (feat. Dan Lellis)
1143, 
1144,PASTA
1145,Fairytale
1146,From Above
1147,Laser 420
1148,Christmas Without You
1149,Friendly Fire
1150,Vanille fraise
1151,No Apology
1152,Alone And Forsaken
1153,Ilzaam (From the Album 'Industry')
1154,Ping Pong - Hardwell Remix
1155,Despedida
1156,FUNERAL GREY
1157,Rhumance
1158,Natural
1159,Adieu
1160,"Tum Hi Ho (From ""Aashiqui 2"")"
1161,West Point
1162,In The Land Of The Pig The Butcher Is King
1163,Believe
1164,Ice Cream
1165,Jug Band
1166,The Calling
1167,Take California
1168,Go Your Own Way - 2018 Remaster
1169,Arsonist's Lullabye
1170,Diamonds Are A Girl's Best Friend
1171,Cara Valente - Ao Vivo Na Lapa
1172,Media
1173,Sexy Movimiento
1174,Born Yesterday
1175,Destination
1176,Khilte Rang
1177,Shooting Star
1178,do re mi
1179,Aaye Ho Meri Zindagi Mein - Female Version
1180,Bipolar Disorder - Radio Edit
1181,Mariage d'Amour
1182,Bells
1183,Fiz Esse Som Pra Voc - Acstica
1184,Never Change
1185,"Gott, warum?"
1186,Joker And The Thief
1187,Lo Dudo
1188,Don't Say Goodnight
1189,Espiral de Iluso
1190,–‘š„˜
1191, ŽŽ ’ ‚ ƒ
1192,Amanh
1193,Blow Up The Outside World
1194,eyes blue like the atlantic
1195,Shuru Karein
1196,"Christmas Oratorio, BWV 248: X. Sinfonia (Arr. Anna Saradjian)"
1197,Alive
1198,1980 - Acstico
1199,tears in the club
1200,Inelegant
1201,She's Gone
1202,STAR WALKIN' (League of Legends Worlds Anthem)
1203,Stay High
1204,Dimensi Keterasingan
1205,Casi Te Envidio
1206,Paddling Out
1207,X šLTIMA VEZ
1208,Se A Fila Andar - Ao Vivo
1209,Bad Ass Bitches
1210,mOBSCENE
1211,GATšBELA
1212,Act II: No One Is Alone
1213,Cretino
1214,childhood bedroom
1215,œŒš„‡™‹‰„›
1216,PASTA
1217,Devil's Advocate
1218,Jingle Bell Rock
1219,Romantic Flight - From How To Train Your Dragon Music From The Motion Picture
1220,Rhythmus der Nacht
1221,Deathcab
1222,O Que Meu Deus Vai Fazer
1223,Black Hole
1224,Godmother
1225,House of the Rising Sun
1226,Denial
1227,Halcyon
1228,Kalinka Malinka
1229,For No One - Remastered 2009
1230,La Txica
1231,˜Ÿ‘ƒ“ƒƒŠ‚
1232,Nossa Preferida Sertaneja - Acstico
1233,Garlic Juice
1234,Monkey Wrench
1235,E det fel p mej
1236,Freaking Out
1237,La Motito de Carlitos
1238,So Far Gone
1239,Salvation - Mix Edit
1240,Rkkur
1241,"Bundle of Joy (From ""Inside Out"")"
1242,Nopalitos
1243,Queen Of The Waves
1244,”ŠŒ
1245,In The Bleak Midwinter
1246,Was I Supposed To Care?
1247,Yours
1248,Mit Jaaye Gham (Dum Maaro Dum)
1249,Deathcab
1250,Agnus Dei
1251,Sen Ben
1252,Remedy
1253,I AM THE JOKER
1254,Destrzame
1255,Battery
1256,True (feat. Lil Terrio)
1257,Die In Your Arms
1258,Como Nos Cambia la Vida
1259,Simple Song
1260,Mundo Novo
1261,Sotta Sotta
1262,‚ƒƒ“ƒƒƒƒˆ
1263,Hey You
1264,Blowing Up
1265,"unravel (from ""Tokyo Ghoul"") - Piano Arrangement"
1266,Lamhe Guzar Gaye
1267,Things
1268,Kimi ga Kureta Mono
1269,I'll Answer The Call
1270,ƒƒƒƒ”ƒ‚ƒƒ‰‚Œ‹‚‰
1271,Sathi
1272,White Christmas
1273,Piece Of Your Heart
1274,Story of My Life
1275,"Piano Sonata No. 12 in F Major, K. 332: II. Adagio"
1276,A la Rorro Nio
1277,Moonrise City
1278,Tranquilizer
1279,When You Were Young
1280,You Spin Me Round (Like a Record)
1281,Stay
1282,Trick or beats?
1283,What Christmas Means To Me
1284,We Wish You A Merry Christmas
1285,Lights Code
1286,Inevitable Outcome
1287,Make You Say
1288,Pasajero
1289,newsong
1290,Aaron Neville / R&B Music
1291,Lost in the Brass
1292,Sleep Relax
1293,do re mi
1294,Positivity
1295,Espera a Primavera - Acstico
1296,Dragula
1297,Diamond Eyes (Boom-Lay Boom-Lay Boom)
1298,Knives on Both Sides
1299,This Road
1300,Mimmi
1301,unlasting
1302,Ends of the Earth
1303,Not As Long As We Both Shall Live
1304,Primeiro Ponto - Ao Vivo
1305,No Reason
1306,Cryptic Speech - Original Mix
1307,When the Lights Are Out - Late Night Mix
1308,Vida
1309,In The Land Of The Pig The Butcher Is King
1310,STARGAZING
1311,Boundaries
1312,SHE
1313,Radler Is Geen Alcohol
1314,Bad Ass Bitches
1315,Uh Oh
1316,Another Life (feat. Alida)
1317,A Pior Parte
1318,Flowers
1319,Head Gone / Genie Dance
1320,On My Own
1321,Zodiac
1322,Apologize
1323,The Foundations of Decay
1324,You Oughta Be Here With Me
1325,Hot in It
1326,Cozy Little Christmas
1327,Lobby
1328,Mit Jaaye Gham (Dum Maaro Dum)
1329,So Far Gone
1330,More Than a Feeling
1331,Sinematic
1332,Wieder auffer Tanze
1333,Con Ella
1334,Downfall
1335,Never Gonna Give You Up
1336,2 Wicky - Live at Koningin Elisabethzaal 2012
1337,Norderney - Fox Version
1338,Frohe Weihnachten
1339,Basics
1340,Livin' for the Weekend
1341,Tiburones de Halloween
1342,Ghost Walking
1343,x10
1344,A Way to Survive
1345,Meu Pai ‰ Rastafar-I - Ao Vivo Em So Paulo
1346,"La bohme, SC 67 / Act 4: ""In un coup?"""
1347,The Joker
1348,Tiburones de Halloween
1349,Let Me Know
1350,Na Le - Coming Soon!!! Remix
1351,The Days
1352,i tried
1353,Waiting
1354,Laser 420
1355,Adieu
1356,"9 Variations on a Minuet by J.P. Duport in D, K.573: 6. Variation V"
1357,Separate Ways (Worlds Apart)
1358,Growl
1359,Amazing
1360,Inelegant
1361,Stick To Me
1362,What I Learned from the News
1363,Der kleine Zinnsoldat
1364,Voc Me Pergunta
1365,Perdido de Amor - Ao Vivo
1366,"Free Fallin' - Live at the Nokia Theatre, Los Angeles, CA - December 2007"
1367,"Cambridge, 1963"
1368,"Chapter III - Please Be Well, Is It Too Late"
1369,Sex Talk
1370,"Bara du, gumman"
1371,Volvers - Remastered
1372,No Te Vas - Remix
1373,Walking Through Clouds
1374,Dulce
1375,Break Of Dawn - Original Mix
1376,Kauhale O Kamapua'a - Instrumental
1377,Babel
1378,Stab
1379,DŸyorum Sana
1380,Wounds
1381,Inelegant
1382,Apologize
1383,Hardcore Hiphouse
1384,Žš„Œž
1385,Nouvelles du monde lointain
1386,Worlds On Fire (with R3HAB & Au/Ra)
1387,Tristeza de un Doble A
1388,Devilock
1389,"You're Sixteen, You're Beautiful (And You're Mine)"
1390,–‘š„˜
1391,Counting Rice
1392,Real Bad Man - Radio Edit
1393,Les Fleur
1394,ˆ‘€…… (TV size)
1395,I Ain€™t Quite Where I Think I Am
1396,MAJHE AALE
1397,Break Of Dawn - Original Mix
1398,Hate Me (with Juice WRLD)
1399,Blessed-Cursed
1400,Everybody (All Over The World) - Dance Version
1401,Slow Fall
1402,Ain't No Party Like Halloween
1403,Cara de Nio
1404,The Christmas Song
1405,A Sua Assinatura
1406,Devilock
1407,No One Dies From Love
1408,Das groŸe Schiff
1409,You Make Me Feel
1410,Saari Umar
1411,Dream 1 (before the wind blows it all away) - Pt. 1
1412,Typhoons
1413,Watching TV
1414,”ƒ…U-19
1415,All Star
1416,Breathe
1417,Journey To The Cemetery
1418,STAR WALKIN' (League of Legends Worlds Anthem)
1419,Hooked
1420,The Man In The Santa Suit
1421,Blinding Lights
1422,Amiga
1423,Bumpin' Hard - Tuneboy Rmx
1424,Throw Your Hands Up
1425,Butzemann
1426,Debrezin
1427,Bad Romance (Glee Cast Version)
1428,Deck The Halls
1429,Head Gone / Genie Dance
1430,Story of My Life
1431,Brookline
1432,King
1433,Christmas Without You
1434,Rhumance
1435,The Best Side Of Life
1436,Otra Noche Sin Ti
1437,3 Gymnopdies: No. 1 Lent et douloureux
1438,T Complicado (Verso Grave)
1439,"‘(›""™Œ’""’›)"
1440,Esperana (Kemuel Nation)
1441,Pablo
1442,Debaixo D'gua / Agora
1443,Dicke Titten
1444,Liga pra Mim (Ao Vivo)
1445,Hardcore Hiphouse
1446,"Christmas Oratorio, BWV 248: X. Sinfonia (Arr. Anna Saradjian)"
1447,Bells
1448,Hay Que Poner el Alma
1449,Dragging The Harrow
1450,Mute
1451,Wovon trumst du denn
1452,Pig In A Pen
1453,„—‹ - Remastered 2022
1454,Matter Of Fact
1455,Sonatina No. 5
1456,Otra Vez Dos Corazones
1457,Chance - Acstico en Vivo
1458,What Christmas Means To Me
1459,Best Day Of My Life
1460,Nenjinullil
1461,Dem Style Yah
1462,Vallut Bass
1463,BIPP
1464,Where Is My Mind?
1465,Laal Bindi
1466,Rockin' Around The Christmas Tree
1467,CYAA LONELY
1468,Tendncia - Ao vivo
1469,Bad Man
1470,"Lost in the Crowd (feat. Fashawn, Zion I)"
1471,Don't Call Me Up
1472,You Make Me Feel
1473,Sex Talk
1474,The Goldfish
1475,Crece
1476,La Txica
1477,Que Se Abram Os Cus
1478,Transgender
1479,™‚š„ €Œ„ - Live
